keyResp.keys,keyResp.corr,keyResp.rt,mouseResp.x,mouseResp.y,mouseResp.leftButton,mouseResp.midButton,mouseResp.rightButton,mouseResp.time,mouseResp.clicked_name,trialRespTimes,moveOnKeys.keys,moveOnKeys.rt,PracticeLoop.thisRepN,PracticeLoop.thisTrialN,PracticeLoop.thisN,PracticeLoop.thisIndex,PracticeLoop.ran,onsetTime,thisImage,participant,session,date,expName,psychopyVersion,OS,frameRate
v,0,2.5109,,,,,,,,1.2109,v,8.2764,0,0,0,3,1,1.3,images/target_cross.jpg,Giordano ,001,2022-04-10_11h29.39.606,choiceRTT,2021.2.3,Win32,60.20469597
v,0,2.3985,,,,,,,,0.8985,v,1.156,0,1,1,6,1,1.5,images/target_cross.jpg,Giordano ,001,2022-04-10_11h29.39.606,choiceRTT,2021.2.3,Win32,60.20469597
v,1,0.2247,,,,,,,,-1.2753,v,0.4918,0,2,2,2,1,1.5,images/target_square.jpg,Giordano ,001,2022-04-10_11h29.39.606,choiceRTT,2021.2.3,Win32,60.20469597
v,1,0.1859,,,,,,,,-0.9141,v,0.2595,0,3,3,5,1,1.1,images/target_square.jpg,Giordano ,001,2022-04-10_11h29.39.606,choiceRTT,2021.2.3,Win32,60.20469597
v,0,0.4816,,,,,,,,-0.6184,v,0.5503,0,4,4,7,1,1.1,images/target_plus.jpg,Giordano ,001,2022-04-10_11h29.39.606,choiceRTT,2021.2.3,Win32,60.20469597
v,0,0.295,,,,,,,,-1.005,v,0.2358,0,5,5,1,1,1.3,images/target_plus.jpg,Giordano ,001,2022-04-10_11h29.39.606,choiceRTT,2021.2.3,Win32,60.20469597
v,1,0.2305,,,,,,,,-1.0695,v,0.2163,0,6,6,8,1,1.3,images/target_square.jpg,Giordano ,001,2022-04-10_11h29.39.606,choiceRTT,2021.2.3,Win32,60.20469597
v,0,0.2392,,,,,,,,-0.8608,v,1.34,0,7,7,0,1,1.1,images/target_cross.jpg,Giordano ,001,2022-04-10_11h29.39.606,choiceRTT,2021.2.3,Win32,60.20469597
v,0,0.4892,,,,,,,,-1.0108,b,0.3815,0,8,8,4,1,1.5,images/target_plus.jpg,Giordano ,001,2022-04-10_11h29.39.606,choiceRTT,2021.2.3,Win32,60.20469597
